{"indexes":[{"v":{"$numberInt":"2"},"key":{"_id":{"$numberInt":"1"}},"name":"_id_"},{"v":{"$numberInt":"2"},"key":{"userId":{"$numberInt":"1"}},"name":"userId_1","background":true,"unique":true},{"v":{"$numberInt":"2"},"key":{"clientInfo.clientCode":{"$numberInt":"1"}},"name":"clientInfo.clientCode_1","background":true,"unique":true},{"v":{"$numberInt":"2"},"key":{"clientInfo.status":{"$numberInt":"1"}},"name":"clientInfo.status_1","background":true},{"v":{"$numberInt":"2"},"key":{"historicalData.priorPeriods.period":{"$numberInt":"1"}},"name":"historicalData.priorPeriods.period_1","background":true}],"uuid":"46f816bc6b164c8bbe02af07052261a8","collectionName":"clientprofiles","type":"collection"}