{"indexes":[{"v":{"$numberInt":"2"},"key":{"_id":{"$numberInt":"1"}},"name":"_id_"},{"v":{"$numberInt":"2"},"key":{"userId":{"$numberInt":"1"},"walletAddress":{"$numberInt":"1"},"date":{"$numberInt":"1"}},"name":"userId_1_walletAddress_1_date_1","background":true,"unique":true},{"v":{"$numberInt":"2"},"key":{"userId":{"$numberInt":"1"},"date":{"$numberInt":"-1"}},"name":"userId_1_date_-1","background":true},{"v":{"$numberInt":"2"},"key":{"userId":{"$numberInt":"1"}},"name":"userId_1","background":true},{"v":{"$numberInt":"2"},"key":{"date":{"$numberInt":"1"}},"name":"date_1","background":true},{"v":{"$numberInt":"2"},"key":{"createdAt":{"$numberInt":"1"}},"name":"createdAt_1","background":true},{"v":{"$numberInt":"2"},"key":{"date":{"$numberInt":"-1"}},"name":"date_-1","background":true},{"v":{"$numberInt":"2"},"key":{"totalNavUsd":{"$numberInt":"-1"}},"name":"totalNavUsd_-1","background":true},{"v":{"$numberInt":"2"},"key":{"portfolio.totalValue":{"$numberInt":"-1"}},"name":"portfolio_value"}],"uuid":"a699cfc5a11649c99b1788c4a0ec0498","collectionName":"dailysnapshots","type":"collection"}