{"indexes":[{"v":{"$numberInt":"2"},"key":{"_id":{"$numberInt":"1"}},"name":"_id_"},{"v":{"$numberInt":"2"},"key":{"userId":{"$numberInt":"1"}},"name":"userId_1","background":true,"unique":true},{"v":{"$numberInt":"2"},"key":{"lastUpdated":{"$numberInt":"-1"}},"name":"lastUpdated_-1","background":true},{"v":{"$numberInt":"2"},"key":{"monthlyNavHistory.date":{"$numberInt":"-1"}},"name":"monthlyNavHistory.date_-1","background":true}],"uuid":"2449c13973e54096a0986ebdd79604c9","collectionName":"navdatas","type":"collection"}