{"indexes":[{"v":{"$numberInt":"2"},"key":{"_id":{"$numberInt":"1"}},"name":"_id_"},{"v":{"$numberInt":"2"},"key":{"userId":{"$numberInt":"1"}},"name":"userId_1","background":true},{"v":{"$numberInt":"2"},"key":{"walletAddress":{"$numberInt":"1"}},"name":"walletAddress_1","background":true},{"v":{"$numberInt":"2"},"key":{"protocolName":{"$numberInt":"1"}},"name":"protocolName_1","background":true},{"v":{"$numberInt":"2"},"key":{"positionName":{"$numberInt":"1"}},"name":"positionName_1","background":true},{"v":{"$numberInt":"2"},"key":{"positionId":{"$numberInt":"1"}},"name":"positionId_1","background":true},{"v":{"$numberInt":"2"},"key":{"sessionId":{"$numberInt":"1"}},"name":"sessionId_1","background":true},{"v":{"$numberInt":"2"},"key":{"date":{"$numberInt":"1"}},"name":"date_1","background":true},{"v":{"$numberInt":"2"},"key":{"isActive":{"$numberInt":"1"}},"name":"isActive_1","background":true},{"v":{"$numberInt":"2"},"key":{"debankPositionId":{"$numberInt":"1"}},"name":"debankPositionId_1","background":true}],"uuid":"ed5ca996c1e14d1c9a69305efa1de0c5","collectionName":"positionhistories","type":"collection"}