{"indexes":[{"v":{"$numberInt":"2"},"key":{"_id":{"$numberInt":"1"}},"name":"_id_"},{"v":{"$numberInt":"2"},"key":{"userId":{"$numberInt":"1"},"walletAddress":{"$numberInt":"1"},"timestamp":{"$numberInt":"-1"}},"name":"userId_1_walletAddress_1_timestamp_-1","background":true},{"v":{"$numberInt":"2"},"key":{"walletAddress":{"$numberInt":"1"}},"name":"walletAddress_1"},{"v":{"$numberInt":"2"},"key":{"userId":{"$numberInt":"1"}},"name":"userId_1"},{"v":{"$numberInt":"2"},"key":{"timestamp":{"$numberInt":"-1"}},"name":"timestamp_-1"},{"v":{"$numberInt":"2"},"key":{"userId":{"$numberInt":"1"},"walletAddress":{"$numberInt":"1"}},"name":"userId_1_walletAddress_1"},{"v":{"$numberInt":"2"},"key":{"userId":{"$numberInt":"1"},"timestamp":{"$numberInt":"-1"}},"name":"userId_1_timestamp_-1"},{"v":{"$numberInt":"2"},"key":{"walletAddress":{"$numberInt":"1"},"timestamp":{"$numberInt":"-1"}},"name":"walletAddress_1_timestamp_-1"},{"v":{"$numberInt":"2"},"key":{"tokens.0":{"$numberInt":"1"}},"name":"tokens_exists","sparse":true},{"v":{"$numberInt":"2"},"key":{"protocols.0":{"$numberInt":"1"}},"name":"protocols_exists","sparse":true},{"v":{"$numberInt":"2"},"key":{"_fts":"text","_ftsx":{"$numberInt":"1"}},"name":"wallet_content_text_search","weights":{"protocols.name":{"$numberInt":"1"},"tokens.name":{"$numberInt":"1"},"tokens.symbol":{"$numberInt":"1"}},"default_language":"english","language_override":"language","textIndexVersion":{"$numberInt":"3"}}],"uuid":"bbeb1a54dcec4869baeb1f4b51d70ed9","collectionName":"walletdatas","type":"collection"}